ReqID,ParentID,Status,Area,Title,ImplementationRefs,VerificationRefs,Notes
VHS-REQ-001,VHS-SYS-REQ-001,Active,Detection,VI Content Signature Detection,src/domain/viMagicCore.ts;src/domain/viMagic.ts,tests/unit/viMagic.test.ts;tests/unit/viMagicWrapper.test.ts,Runtime detection is content-based.
VHS-REQ-003,VHS-SYS-REQ-001,Active,Detection,Optional Strict RSRC Header,src/domain/viMagicCore.ts;package.json,tests/unit/viMagic.test.ts;tests/unit/packageManifest.test.ts,Strict header mode remains opt-in.
VHS-REQ-010,VHS-SYS-REQ-001,Active,Detection,Minimal Local Probe Reads,src/domain/viFile.ts;src/domain/viMagic.ts,tests/unit/viFile.test.ts;tests/unit/viMagicWrapper.test.ts,Local probe reads must stay bounded.
VHS-REQ-011,VHS-SYS-REQ-001,Active,Detection,Non-File URI Probe Fallback,src/domain/viMagic.ts,tests/unit/viMagicWrapper.test.ts,Remote and virtual workspace compatibility path.
VHS-REQ-006,VHS-SYS-REQ-001,Active,Git History Eligibility,Tracked History Eligibility,src/commands/openViHistoryCommand.ts;src/services/viHistoryModel.ts;src/services/viHistoryService.ts;src/git/gitCli.ts,tests/unit/openViHistoryCommand.test.ts;tests/unit/viHistoryModel.test.ts;tests/unit/viHistoryService.test.ts;tests/unit/gitCli.test.ts,Selected-file eligibility is stricter than menu visibility.
VHS-REQ-007,VHS-SYS-REQ-001,Active,Git History Eligibility,NUL-Safe Git Path Parsing,src/git/gitCli.ts,tests/unit/gitCli.test.ts,Do not use newline parsing for Git path lists or treat path parsing as a selected-file open prerequisite scan.
VHS-REQ-008,VHS-SYS-REQ-001,Active,Git History Eligibility,Bounded Commit Queries,src/git/gitCli.ts;src/services/viHistoryModel.ts,tests/unit/gitCli.test.ts;tests/unit/viHistoryService.test.ts;tests/unit/viHistoryModel.test.ts,Minimum selected-file eligibility is established with bounded history reads.
VHS-REQ-061,VHS-SYS-REQ-001,Active,Git History Eligibility,Most-Specific Git Repository Resolution,src/services/viHistoryService.ts;src/git/gitCli.ts;src/git/gitApi.ts,tests/unit/viHistoryService.test.ts;tests/unit/gitApi.test.ts,Git API and CLI fallback must stay aligned.
VHS-REQ-012,VHS-SYS-REQ-013,Active,Workspace Safety,Workspace Trust Gate,src/commands/openViHistoryCommand.ts;package.json,tests/unit/openViHistoryCommand.test.ts;tests/unit/packageManifest.test.ts;tests/unit/extensionActivationLazySideEffects.test.ts;tests/integration/suite/extensionHost.test.ts,Trust is a safety boundary with user-actionable messaging.
VHS-REQ-013,VHS-SYS-REQ-001,Active,Menu Gating,Selected-File Menu Entry And Eligibility Gate,src/commands/openViHistoryCommand.ts;package.json,tests/unit/openViHistoryCommand.test.ts;tests/unit/packageManifest.test.ts,Manifest menu hints stay broader than command-time selected-file eligibility.
VHS-REQ-082,VHS-SYS-REQ-001,Active,Extension Manifest,Primary Command Identifier,package.json;src/extension.ts,tests/unit/packageManifest.test.ts;tests/unit/extensionActivationLazySideEffects.test.ts;tests/integration/suite/extensionHost.test.ts,Command IDs are public extension API; activation registers the labviewViHistory.open runtime handler.
VHS-REQ-004,VHS-SYS-REQ-001,Active,Extension Manifest,Explorer And Editor Menu Contributions,package.json,tests/unit/packageManifest.test.ts,Menu hints are broader than runtime eligibility.
VHS-REQ-083,VHS-SYS-REQ-001,Active,Extension Manifest,Lean Activation Without Indexing Side Effects,package.json;src/extension.ts,tests/unit/packageManifest.test.ts;tests/unit/extensionActivationLazySideEffects.test.ts,Lean onStartupFinished activation with VS Code-inferred command activation; no indexing side effects before command use.
VHS-REQ-084,VHS-SYS-REQ-013,Active,Extension Manifest,Limited Untrusted Workspace Capability,package.json,tests/unit/packageManifest.test.ts,Manifest claims must match runtime safety.
VHS-REQ-016,VHS-SYS-REQ-001,Active,History Panel,History Webview Panel,src/commands/openViHistoryCommand.ts;src/ui/historyPanel.ts;src/services/viHistoryService.ts,tests/unit/openViHistoryCommand.test.ts;tests/integration/suite/extensionHost.test.ts;tests/unit/viHistoryService.test.ts,User-facing stops must be explicit with factual reasons and next actions.
VHS-REQ-017,VHS-SYS-REQ-001,Active,History Panel,Factual History Panel Content,src/ui/historyPanel.ts;src/services/viHistoryModel.ts;src/ui/runtimeReportPanel.ts,tests/unit/viHistoryModel.test.ts;tests/unit/historyPanelRendering.test.ts;tests/unit/runtimeReportPanel.test.ts;tests/integration/suite/extensionHost.test.ts,Panel content stays factual and now includes per-revision commit subject and full commit body; shared panel escaping covers runtime settings text attribute and inline script contexts.
VHS-REQ-039,VHS-SYS-REQ-001,Active,History Panel,Copy Review Packet,src/ui/historyPanel.ts;src/commands/openViHistoryCommand.ts;src/extension.ts,tests/unit/historyReviewPacket.test.ts;tests/unit/openViHistoryCommand.test.ts;tests/unit/historyPanelTracker.test.ts;tests/unit/packageManifest.test.ts;tests/integration/suite/extensionHost.test.ts,Review packet is copied through the labviewViHistory.copyReviewPacket command instead of an in-panel button.
VHS-REQ-040,VHS-SYS-REQ-001,Active,History Panel,Factual Review Packet Text,src/ui/historyPanel.ts,tests/unit/historyReviewPacket.test.ts;tests/integration/suite/extensionHost.test.ts,"Direct packet contract covers factual fields, per-retained-commit subject and body facts, fallbacks, and plain-text-only output."
VHS-REQ-133,VHS-SYS-REQ-008,Active,Comparison Reports,Explicit Compare Pair Workflow,src/ui/historyPanel.ts;src/commands/openViHistoryCommand.ts;src/reporting/comparisonReportPreflight.ts;src/reporting/comparisonReportAction.ts,tests/unit/comparisonReportPreflight.test.ts;tests/unit/explicitComparePairWorkflow.test.ts;tests/unit/openViHistoryCommand.test.ts;tests/unit/comparisonReportAction.test.ts;tests/integration/suite/extensionHost.test.ts,Compare remains explicit after pair selection with consistent selected/base ordering explanation and blocked runtime feedback surfaces through notifications plus panel runtime status rather than a preflight section.
VHS-REQ-127,VHS-SYS-REQ-008,Active,Comparison Reports,Revision Blob Specifiers,src/reporting/comparisonReportPreflight.ts,tests/unit/comparisonReportPreflight.test.ts,"Comparison uses revision blobs instead of working-tree file state, fails closed on missing revision IDs, and normalizes repo-relative blob paths."
VHS-REQ-128,VHS-SYS-REQ-008,Active,Comparison Reports,Revision Blob VI Verification,src/reporting/comparisonReportPreflight.ts;src/domain/viMagicCore.ts,tests/unit/comparisonReportPreflight.test.ts,Preflight checks both sides.
VHS-REQ-624,VHS-SYS-REQ-008,Active,Comparison Reports,Newest-Revision Tree Staging For Comparison,src/reporting/comparisonReportPlan.ts;src/reporting/comparisonReportRuntimeExecution.ts;src/reporting/comparisonReportPacket.ts,tests/unit/comparisonReportRuntimeExecution.test.ts;tests/unit/comparisonReportPacket.test.ts;manual:dependency-harness-newest-tree-staging,"Both compared VI blobs are staged into one materialized selected-revision tree at the VI's repo-relative path under distinct left/right names so dependencies resolve at load; fail-closed when the tree cannot be materialized; caveat discloses dependency-only false-negatives and base-VI recompile-against-newer-deps diff distortion."
VHS-REQ-625,VHS-SYS-REQ-008,Active,Comparison Reports,Library-Member Compared-VI Disclosure,src/reporting/comparisonReportPreflight.ts;src/reporting/comparisonReportPacket.ts,tests/unit/comparisonReportPreflight.test.ts;tests/unit/comparisonReportPacket.test.ts,"Preflight detects whether the compared VI is a .lvlib/.lvclass member at the selected revision; the packet renders a factual caveat that staging stages the VI outside its owning library. Best-effort detection never blocks the comparison."
VHS-REQ-626,VHS-SYS-REQ-008,Active,Comparison Reports,Comparison Report Export For External Viewing,package.json;src/reporting/comparisonReportExport.ts;src/reporting/comparisonReportAction.ts;src/reporting/comparisonReportContextMarkup.ts;src/extension.ts,tests/unit/packageManifest.test.ts;tests/unit/comparisonReportExport.test.ts;tests/unit/comparisonReportAction.test.ts,"An editor title-bar action contributed in package.json exports the open comparison report plus its graphics dependency folder to a user-chosen accessible location as a self-contained timestamped bundle for external browser viewing; prefers the generated graphics report and confirms before falling back to the diagnostic packet; offers open-in-browser and reveal-in-folder follow-ups. The exported graphics report embeds the in-panel revision context (selected and base hash, date, author, subject, and commit body) through the shared renderer (VHS-REQ-644) into the exported copy only, without mutating the retained source report or adding a base href. The webview keeps scripts disabled."
VHS-REQ-155,VHS-SYS-REQ-007,Active,Runtime Discovery,Comparison Runtime Discovery Diagnostics,src/reporting/comparisonRuntimeLocator.ts;src/reporting/comparisonRuntimeDoctor.ts;src/reporting/comparisonReportAction.ts;src/reporting/comparisonReportPacket.ts,tests/unit/comparisonRuntimeLocator.test.ts;tests/unit/comparisonRuntimeDoctor.test.ts;tests/unit/comparisonReportAction.test.ts;tests/unit/comparisonReportPacket.test.ts;tests/unit/comparisonReportRuntimeExecution.test.ts;manual:runtime-discovery-missing-tool-check,Blocked runtime facts preserved end-to-end through retained packet surfaces.
VHS-REQ-147,VHS-SYS-REQ-004,Active,Comparison Reports,Staged Comparison Inputs,src/reporting/comparisonReportRuntimeExecution.ts;src/reporting/comparisonReportPlan.ts,tests/unit/comparisonReportRuntimeExecution.test.ts,External tools receive staged inputs with deterministic filenames; file-move and stale-output evidence retained.
VHS-REQ-148,VHS-SYS-REQ-007,Active,Comparison Reports,Retained Runtime Execution Evidence,src/reporting/comparisonReportRuntimeExecution.ts;src/reporting/comparisonReportPacket.ts;src/reporting/comparisonReportExecutionPlan.ts;src/reporting/comparisonReportAction.ts;src/reporting/comparisonRuntimeDoctor.ts;src/reporting/diagnostics/diagnosticsRecorder.ts;src/reporting/runtime/labviewCliIni.ts,tests/unit/comparisonReportRuntimeExecution.test.ts;tests/unit/comparisonReportPacket.test.ts;tests/unit/comparisonReportAction.test.ts;tests/unit/comparisonRuntimeDoctor.test.ts;tests/unit/diagnosticsRecorder.test.ts;tests/unit/labviewCliIni.test.ts;tests/unit/windowsContainerLabviewCliScript.test.ts;tests/unit/linuxContainerLabviewCliScript.test.ts,"Runtime attempts retain factual evidence; compact evidence summary provided for failed/blocked executions. Diagnostics bundle (diagnostics/diagnostics-manifest.json + per-attempt subdirs) retains environment fingerprint, pre-launch baseline, and failure classification for cold-start root-cause analysis. Windows host-native compare hardens LabVIEWCLI.ini connect-window keys (OpenAppReferenceTimeoutInSecond and AfterLaunchOpenAppReferenceTimeoutInSecond) before each run via configurable `viHistorySuite.runtime.cliConnectTimeoutSeconds`; the doctor summary surfaces the hardening applied/requestedValue line on `labview-cli-connection-failed` failures so operators can confirm the fix from packet output without opening the diagnostics manifest. The Windows-container LabVIEW CLI script builder accepts the same `cliConnectTimeoutSeconds` value so container and host-native runs harden the connect window identically. The Linux container LabVIEW CLI script builder reaches the same parity: before launch it widens the connect window in the per-version LabVIEW `.conf` the launched headless LabVIEW reads (OpenAppReferenceTimeoutInSecond and AfterLaunchOpenAppReferenceTimeoutInSecond, default 180s, configurable via the same `viHistorySuite.runtime.cliConnectTimeoutSeconds`) and retries once on the cold-launch VI Server connectivity failure (-350000/-350051), so the first compare after VS Code starts no longer fails on a slow cold LabVIEW launch; all `.conf` mutation is fail-soft and the deterministic guarantee is the one-shot retry."
VHS-REQ-156,VHS-SYS-REQ-007,Active,Comparison Reports,Linux Host-Native Headless Comparison Invocation,src/reporting/comparisonReportExecutionPlan.ts;src/reporting/comparisonReportRuntimeExecution.ts,tests/unit/comparisonReportExecutionPlan.test.ts;tests/unit/comparisonReportRuntimeExecution.test.ts,"Linux host-native LabVIEWCLI invocations stay non-headless by default and only pass -Headless when the operator opts in via LV_RTE_LINUX_HEADLESS=1; the Linux container provider continues to invoke LabVIEWCLI with -Headless regardless. Stderr classification adds labview-cli-create-report-permission-error and recognizes Failed to initialize headless LabVIEW. as linux-headless-init-failed; either Linux headless reason wins over generic stderr/diagnostic-log reasons but only linux-headless-recursive-load triggers the headless-session-reset retry. Before launch, Linux host-native labview-cli runs read labview.conf (under ~/natinst/.config/LabVIEW-<version>/, ~/.config/natinst/LabVIEW-<version>/, or /etc/natinst/LabVIEW-<version>/) and block execution with linux-vi-server-tcp-disabled when server.tcp.enabled=False, when the key is absent, or when no candidate config is readable (NI Linux defaults VI Server TCP off); when requestedLabviewVersion is unset the year is inferred from the resolved labviewExe directory (e.g. LabVIEW-2026-64). The lvcompare engine is exempt from this preflight. When TCP is enabled the resolved server.tcp.port (default 3363) is passed to LabVIEWCLI as -PortNumber. Linux host-native staging mirrors VI inputs and report output under a short tmpdir (default $TMPDIR/vi-history-suite-runtime, overridable via LVIE_LINUX_RUNTIME_TMPDIR, opt-out via LVIE_LINUX_DISABLE_RUNTIME_TMPDIR=1) using a directory-boundary check so similarly-prefixed paths do not bypass the workaround for LabVIEW 2026 Linux path-table corruption."
VHS-REQ-596,VHS-SYS-REQ-013,Active,CI And Developer Environment,Devcontainer Source Evaluation,.devcontainer/devcontainer.json;README.md;INSTALL.md;FIRST-RUN.md;docs/development.md;docs/testing/test-plan.md;.github/ISSUE_TEMPLATE/first_time_onboarding_feedback.yml,tests/unit/publicDevcontainerSurface.test.ts;tests/unit/publicDocSourceLinks.test.ts;manual:devcontainer-extension-host,Devcontainer is source-evaluation support with structured first-time feedback.
VHS-REQ-597,VHS-SYS-REQ-012,Active,CI And Developer Environment,Lightweight Hosted CI,.github/workflows/ci.yml;docs/testing/test-plan.md;scripts/checkDocsLinks.js;vitest.config.ts,tests/unit/branchGovernanceWorkflow.test.ts;tests/unit/docsLinkCheckScript.test.ts;tests/unit/requirementsDocs.test.ts;manual:github-actions-build-test-package,Hosted CI is the public required check with traceability audit coverage documentation link-check evidence retained coverage artifacts evidence-backed baseline thresholds and hosted DoD Gate / dod enforcement after package; generated validation/cache/evidence roots are excluded from the docs link-check scan.
VHS-REQ-598,VHS-SYS-REQ-013,Active,CI And Developer Environment,Trusted Windows/LabVIEW Maintainer Workflow,.github/workflows/windows-labview-maintainer.yml;scripts/checkMaintainerRunnerPrerequisites.js;src/tooling/integrationHostRuntime.ts;docs/maintainer-operations.md,tests/unit/windowsLabviewMaintainerWorkflow.test.ts;tests/unit/checkMaintainerRunnerPrerequisites.test.ts;tests/unit/integrationHostRuntime.test.ts;tests/unit/requirementsDocs.test.ts;manual:trusted-windows-labview-runner-dispatch,"Self-hosted runner is trusted maintainer evidence only; summary includes trusted-ref decision and runner-evidence/windows-labview-maintainer-summary.txt VSIX evidence path. A prerequisite doctor (checkMaintainerRunnerPrerequisites.js) runs as a fail-fast gate after checkout and before install, reporting every missing host prerequisite (VS Code, LabVIEW, LabVIEW CLI, Node, npm, Git) at once with remediation, and is runnable directly on the runner for self-service readiness validation; the native-Windows integration host fails fast with actionable remediation when VS Code is absent instead of an opaque CommandNotFoundException. The doctor also runs an advisory system-clock-skew preflight (injectable now + authoritative-time collaborators; advisory unknown when the source is unreachable; --fail-on-clock-skew opts into a hard failure) that surfaces the dual-boot clock-skew trap which silently knocks the runner offline with a misleading GitHub registration-deleted error."
VHS-REQ-652,VHS-SYS-REQ-013,Active,CI And Developer Environment,Trusted Linux/LabVIEW Maintainer Workflow,.github/workflows/linux-labview-maintainer.yml;scripts/checkMaintainerRunnerPrerequisites.js;docs/maintainer-operations.md,tests/unit/linuxLabviewMaintainerWorkflow.test.ts;tests/unit/checkMaintainerRunnerPrerequisites.test.ts;tests/unit/requirementsDocs.test.ts;manual:trusted-linux-labview-runner-dispatch,"Self-hosted runner is trusted maintainer evidence only; summary includes trusted-ref decision and runner-evidence/linux-labview-maintainer-summary.txt VSIX evidence path. A prerequisite doctor (checkMaintainerRunnerPrerequisites.js) runs as a fail-fast gate after checkout and before install, reporting every missing host prerequisite at once with remediation, and is runnable directly on the runner for self-service readiness validation. The doctor also runs an advisory system-clock-skew preflight (injectable now + authoritative-time collaborators; advisory unknown when the source is unreachable; --fail-on-clock-skew opts into a hard failure) that surfaces the dual-boot clock-skew trap which silently knocks the runner offline."
VHS-REQ-653,VHS-SYS-REQ-004,Active,Runtime Settings,Concurrent LabVIEW Version Conflict Diagnostic,src/reporting/comparisonRuntimeLocator.ts;src/reporting/comparisonRuntimeDoctor.ts;src/reporting/comparisonReportAction.ts;src/commands/openViHistoryCommand.ts;scripts/runWindowsRuntimeMatrix.js;scripts/windows-runtime-matrix/Invoke-RuntimeMatrixSteadyState.ps1;.github/workflows/windows-runtime-matrix.yml,tests/unit/comparisonRuntimeLocator.test.ts;tests/unit/comparisonRuntimeDoctor.test.ts;tests/unit/comparisonReportAction.test.ts;tests/unit/openViHistoryCommand.test.ts;tests/unit/runWindowsRuntimeMatrixScript.test.ts;manual:windows-runtime-matrix-version-conflict-dispatch;tests/unit/requirementsDocs.test.ts,Compare-time peer of the open-time VHS-REQ-637 version gate and sibling of the compare-time VHS-REQ-621 bitness block. comparisonRuntimeLocator.locate short-circuits to blockedReason=windows-host-version-conflict when a running LabVIEW.exe has a known year differing from the requested viHistorySuite.labviewVersion while the bitness matches; the year is inferred best-effort via inferLabviewYearFromExecutablePath and an unknown running year never blocks. The selection retains hostObservedLabviewVersion; comparisonRuntimeDoctor names the observed and selected years and offers a Docker-backed x64 recovery; the pre-launch windows-host-version-conflict block now surfaces a concise close plus Retry Compare toast and suppresses the auto-opened report while still persisting the packet mirroring VHS-REQ-621 (#530). Host-native LabVIEW CLI only. The shared VHS-REQ-622 Windows runtime-conflict harness adds version-A (host 2025/selected 2026) and version-B (host 2026/selected 2025) real-hardware scenarios asserting windows-host-version-conflict on the dispatch-only self-hosted maintainer runner.
VHS-REQ-658,VHS-SYS-REQ-004,Active,Runtime Settings,LabVIEW VI Version Too New Compare Failure Diagnostic,src/reporting/comparisonReportRuntimeExecution.ts;src/reporting/comparisonReportAction.ts;src/commands/openViHistoryCommand.ts;src/reporting/comparisonRuntimeDoctor.ts,tests/unit/comparisonReportRuntimeExecution.test.ts;tests/unit/comparisonReportAction.test.ts;tests/unit/openViHistoryCommand.test.ts;tests/unit/comparisonRuntimeDoctor.test.ts;tests/unit/requirementsDocs.test.ts,Compare-time peer of the running-session conflict diagnostics VHS-REQ-621 and VHS-REQ-653: fires when the running and selected LabVIEW agree but the VI file was saved in a newer LabVIEW than the selected engine. classifyRuntimeFailure reclassifies a nonzero exit whose stderr carries the LabVIEW 0x465 File version is later than the current LabVIEW version signature to labview-vi-version-too-new ahead of the generic command-exited-nonzero fallback. isViVersionTooNewFailure plus buildViVersionTooNewMessage drive a concise Pick Runtime Provider toast that names the selected LabVIEW and steers to pick a newer installed LabVIEW while the verbose runtime-failure message is suppressed; the action returns the dedicated failed-vi-version-too-new outcome and does not auto-open the report webview (the toast is the only surface) while still persisting the packet mirroring the #530 host-conflict gates (#597). comparisonRuntimeDoctor emits a matching forward-version next-action. Host-native compare-time only (#595).
VHS-REQ-599,VHS-SYS-REQ-013,Active,CI And Developer Environment,Optional Vagrant Helper,docs/vagrant.md;vagrant/Vagrantfile;vagrant/provision/bootstrap.ps1;vagrant/provision/prepare-cold-labview.ps1;package.json,tests/unit/packageManifest.test.ts;manual:vagrant-validate-when-installed,Vagrant is optional and human-run.
VHS-REQ-600,VHS-SYS-REQ-011,Active,Package Identity,Marketplace Identity And Public Source Metadata,package.json;README.md;INSTALL.md;FIRST-RUN.md;SUPPORT.md;SECURITY.md;docs/maintainer-operations.md;.github/ISSUE_TEMPLATE/first_time_onboarding_feedback.yml,tests/unit/packageManifest.test.ts;tests/unit/publicDocSourceLinks.test.ts;tests/unit/requirementsDocs.test.ts;external:vscode-marketplace-svelderrainruiz.vi-history-suite,Marketplace identity remains stable while onboarding feedback captures stale link reports.
VHS-REQ-601,VHS-SYS-REQ-014,Active,Requirements,Requirements As Agent Work Contracts,docs/requirements/README.md;docs/requirements/copilot-web-issue-generation-prompt.md;docs/requirements/syrs.md;docs/requirements/srs.md;docs/requirements/rtm.csv;docs/requirements/id-index.csv;docs/requirements/traceability-inventory.csv;scripts/auditTraceabilitySteward.js;scripts/checkRequirementsCsvColumns.js;scripts/checkRequirementsIntegrity.js;scripts/generateCloseoutEvidence.js;scripts/auditRequirementVerificationLinkage.js;scripts/auditRequirementCriteriaInventory.js;scripts/verifyRequirementsHealth.js;scripts/exportRequirementsManifest.js;scripts/buildRiskLedger.js;docs/requirements/runtime-validation-ledger.json;scripts/recordRuntimeValidation.js;.github/ISSUE_TEMPLATE/requirement_target.yml,tests/unit/requirementsDocs.test.ts;tests/unit/traceabilityAuditScript.test.ts;tests/unit/requirementsCsvColumns.test.ts;tests/unit/requirementsIntegrity.test.ts;tests/unit/closeoutEvidenceScript.test.ts;tests/unit/requirementVerificationLinkage.test.ts;tests/unit/requirementCriteriaInventory.test.ts;tests/unit/verifyRequirementsHealth.test.ts;tests/unit/requirementsManifestExport.test.ts;tests/unit/riskLedgerScript.test.ts;tests/unit/schemaEnvelopeLib.test.ts;tests/unit/outputContractLib.test.ts;tests/unit/recordRuntimeValidationScript.test.ts;manual:requirements-quality-check-system-scope,Requirements are active agent work contracts with traceability steward inventory audit mandatory standards closeout evidence published Docker workbench runner standards toolchain provenance checks DoD evidence-source hygiene and decision-complete requirement-target issue payload guidance.
VHS-REQ-602,VHS-SYS-REQ-012,Active,CI And Developer Environment,Dependency Maintenance Automation,.github/dependabot.yml;.github/workflows/codeql.yml;package.json;scripts/auditPackagedRuntimeSurface.js,tests/unit/securityMaintenanceWorkflows.test.ts;tests/unit/packageRuntimeSurfaceAudit.test.ts;manual:dependabot-pr-checks,Dependabot routine updates stay reviewable and package-audit failures retain bounded diagnostics. CodeQL security analysis runs on main/develop push/PR and weekly schedule.
VHS-REQ-607,VHS-SYS-REQ-014,Active,Requirements,Field Intake Separation For Eligibility Reports,.github/ISSUE_TEMPLATE/bug_report.yml;.github/ISSUE_TEMPLATE/first_time_onboarding_feedback.yml,tests/unit/requirementsDocs.test.ts,"Bug and onboarding intake separate selected-file eligibility and Git history evidence from runtime validation output."
VHS-REQ-608,VHS-SYS-REQ-013,Active,CI And Developer Environment,Diagnostic Test VSIX Distribution,.github/workflows/package-test-vsix.yml;docs/maintainer-operations.md;docs/testing/test-plan.md,tests/unit/packageTestVsixWorkflow.test.ts;tests/unit/requirementsDocs.test.ts;manual:diagnostic-test-vsix-dispatch,"Diagnostic VSIX builds are trusted-ref-only, artifact-first, optional unique immutable diagnostic prerelease, and never Marketplace publication."
VHS-REQ-609,VHS-SYS-REQ-016,Active,CI And Developer Environment,Governed Branch Promotion And Marketplace Release Automation,.github/workflows/ci.yml;.github/workflows/marketplace-release.yml;.github/dependabot.yml;docs/maintainer-operations.md;docs/cm/cm-plan.md;docs/testing/test-plan.md;scripts/verifyMarketplaceListing.js,tests/unit/branchGovernanceWorkflow.test.ts;tests/unit/marketplaceReleaseWorkflow.test.ts;tests/unit/marketplaceListingVerification.test.ts;tests/unit/requirementsDocs.test.ts;manual:marketplace-release-environment-setup;manual:marketplace-release-tag-dispatch,"Branch governance protects develop/main promotion; Dependabot targets develop; Marketplace publication is exact-tag-only from main via a manual maintainer workflow_dispatch with no automatic trigger (agents never dispatch or approve) with retained evidence naming required validation surfaces and retained artifacts; the CM plan maps release baselines change control status accounting coverage-risk closeout and user-information re-review triggers. Bounded listing verification retry is retained as marketplace-show plus bounded attempt evidence. Publish step is idempotent on rerun (pre-publish check skips publish when the target version is already on Marketplace); verifier budget covers bounded propagation lag (20 attempts x 30s = 10 minutes); release evidence uploads with if: always() so verifier timeouts do not erase the artifact."
VHS-REQ-610,VHS-SYS-REQ-008,Active,Comparison Reports,Dashboard Aggregate Review,src/dashboard/multiReportDashboard.ts;src/dashboard/multiReportDashboardAction.ts;src/dashboard/niComparisonReportParser.ts;src/dashboard/comparisonReportArchive.ts;src/dashboard/dashboardEtaAccuracy.ts;src/dashboard/dashboardLatestRun.ts;src/dashboard/retainedDashboardEvidence.ts,tests/unit/dashboardEtaAccuracy.test.ts;tests/unit/niComparisonReportParser.test.ts;tests/unit/comparisonReportArchive.test.ts;tests/unit/dashboardLatestRun.test.ts;tests/unit/multiReportDashboard.test.ts;tests/unit/multiReportDashboardAction.test.ts;tests/unit/retainedDashboardEvidence.test.ts;tests/unit/reviewDecisionRecord.test.ts;tests/unit/reviewScenarioSupportPolicy.test.ts,"Dashboard concentrates retained comparison evidence across multiple commit pairs into a single HTML review surface."
VHS-REQ-611,VHS-SYS-REQ-001,Active,Bundled Docs,Installed Bundled Documentation Surface,src/docs/bundledDocumentation.ts;src/docs/bundledDocumentationAction.ts;resources/bundled-docs/manifest.json;resources/bundled-docs/pages/overview.html;resources/bundled-docs/pages/user-workflow.html;resources/bundled-docs/pages/install-and-release.html;resources/bundled-docs/pages/comparison-reports-and-dashboard-review.html;resources/bundled-docs/pages/copilot-agent-mode.html;package.json;src/extension.ts,tests/unit/bundledDocumentation.test.ts;tests/unit/bundledDocumentationAction.test.ts;tests/unit/packageManifest.test.ts;tests/unit/extensionActivationLazySideEffects.test.ts;tests/integration/suite/extensionHost.test.ts;tests/unit/requirementsDocs.test.ts,Installed bundled documentation command routing and manifest/page loading stay packaged and user-facing.
VHS-REQ-612,VHS-SYS-REQ-004,Active,Runtime Settings,Installed Runtime Settings CLI Preparation,package.json;src/extension.ts;src/tooling/localRuntimeSettingsCli.ts,tests/unit/localRuntimeSettingsCli.test.ts;tests/unit/packageManifest.test.ts;tests/unit/extensionActivationLazySideEffects.test.ts;tests/integration/suite/extensionHost.test.ts;tests/unit/requirementsDocs.test.ts,Installed prepare command materializes or refreshes local vihs runtime settings CLI and reports actionable preparation outcomes.
VHS-REQ-613,VHS-SYS-REQ-017,Active,CI And Developer Environment,Coverage Intelligence And Test-Risk Mapping,scripts/mapCoverageToTraceability.js;scripts/generateCloseoutEvidence.js;package.json;vitest.config.ts;docs/testing/test-plan.md;.github/workflows/mutation.yml,tests/unit/coverageMapScript.test.ts;tests/unit/closeoutEvidenceScript.test.ts;tests/unit/requirementsDocs.test.ts;tests/unit/traceabilityAuditScript.test.ts;tests/unit/mutationWorkflow.test.ts,Coverage map joins Vitest coverage with RTM and traceability inventory so low-coverage requirement risk is visible before floor ratchets; standards closeout runs the map after npm test and before package validation.
VHS-REQ-614,VHS-SYS-REQ-017,Active,CI And Developer Environment,Test Harness Architecture For VS Code Orchestration,tests/unit/vscodeTestHarness.ts,tests/unit/vscodeTestHarness.test.ts;tests/unit/requirementsDocs.test.ts;tests/unit/traceabilityAuditScript.test.ts,Reusable VS Code orchestration fakes support coverage-led tests for command webview storage filesystem clipboard progress output and runtime CLI surfaces.
VHS-REQ-615,VHS-SYS-REQ-012,Active,CI And Developer Environment,Definition-of-Done Operating Requirement,package.json;.github/workflows/ci.yml;.github/workflows/marketplace-release.yml;scripts/checkDefinitionOfDone.js;scripts/auditCustomizationGovernance.js;scripts/generateCloseoutEvidence.js;scripts/generateAssuranceState.js;scripts/runMultiStandardsAudit.js;scripts/verifyMarketplaceListing.js;scripts/checkReleaseReadiness.js;.github/pull_request_template.md;docs/maintainer-operations.md;docs/cm/cm-plan.md;docs/requirements/srs.md;docs/requirements/rtm.csv;docs/requirements/id-index.csv;docs/requirements/README.md;docs/testing/test-plan.md;docs/requirements/traceability-inventory.csv,tests/unit/definitionOfDoneGate.test.ts;tests/unit/closeoutEvidenceScript.test.ts;tests/unit/assuranceStateScript.test.ts;tests/unit/multiStandardsAuditScript.test.ts;tests/unit/marketplaceReleaseWorkflow.test.ts;tests/unit/releaseReadinessScript.test.ts;tests/unit/customizationGovernanceAuditScript.test.ts;tests/unit/requirementsDocs.test.ts;tests/unit/traceabilityAuditScript.test.ts;manual:definition-of-done-release-readiness-review,Definition of Done spans issue quality PR evidence required CI gates local gates standards provenance closeout evidence local assurance-state planning evidence with classified post-merge review-finding signals coverage-risk mapping and traceability drift prevention with lightweight requirement-target PR evidence contract fields (linked issue target requirement validation commands traceability/RTM impact out-of-scope closeout readiness) plus decision-complete requirement-target issue evidence including requirement/RTM updates and optional bounded Copilot prompt; release-readiness evidence names traceability docs-link tests package Marketplace listing and closeout expectations; standards closeout evidence runs against a tracked-worktree snapshot records standards.auditTarget fields and runs npm run coverage:map after tests; hosted `DoD Gate / dod` in `.github/workflows/ci.yml` is the authoritative scanner-visible standards DoD PASS source.
VHS-REQ-616,VHS-SYS-REQ-004,Active,Runtime Settings,Runtime Auto-Selection And Stale Settings Repair,src/extension.ts;src/tooling/runtimeAutoDetect.ts;src/tooling/runtimeSettingsSeed.ts;src/tooling/localRuntimeSettingsCli.ts,tests/unit/runtimeAutoDetect.test.ts;tests/unit/runtimeSettingsSeed.test.ts;tests/unit/extensionActivationLazySideEffects.test.ts;tests/unit/requirementsDocs.test.ts,Activation runs a filesystem-only runtime probe and seeds or repairs viHistorySuite.runtimeProvider/labviewVersion/labviewBitness so fresh installs and upgrades arrive with a working comparison provider; precedence is highest installed LabVIEW year (tie-break x64) then docker/2026/x64 then no-runtime.
VHS-REQ-617,VHS-SYS-REQ-004,Active,Runtime Settings,Missing-Runtime User Notification And Status Surface,src/extension.ts;src/ui/runtimeAvailabilityNotice.ts;src/commands/runtimeCommands.ts,tests/unit/runtimeAvailabilityNotice.test.ts;tests/unit/runtimeCommands.test.ts;tests/unit/runtimeAvailabilityWatcher.test.ts;tests/unit/extensionActivationLazySideEffects.test.ts;tests/unit/requirementsDocs.test.ts,Activation registers a status bar item and a focus-throttled re-detect; a one-time first-run information notification is gated by globalState key vihs.firstRunNoRuntimeNoticeShown when no comparison runtime is detected; three trust-gated commands (detectRuntimeNow forceRefresh; resetFirstRunNotice modal-confirm clear; showRuntimeSummary output channel + clipboard copy) expose the runtime surface to users.
VHS-REQ-619,VHS-SYS-REQ-004,Active,Runtime Settings,Git Prerequisite Detection And First-Run Guidance,src/extension.ts;src/tooling/gitPrerequisiteDetect.ts;src/ui/gitPrerequisiteNotice.ts,tests/unit/gitPrerequisiteDetect.test.ts;tests/unit/gitPrerequisiteNotice.test.ts;tests/unit/extensionActivationLazySideEffects.test.ts;tests/unit/requirementsDocs.test.ts,Activation probes git --version once via an injectable runner; cached detection drives a Git not detected status bar item plus a one-time first-run notice gated by globalState key vihs.firstRunGitNoticeShown; labviewViHistory.open refuses to run when Git is missing and offers an Install Git action linking to https://git-scm.com/downloads.
VHS-REQ-620,VHS-SYS-REQ-004,Active,Runtime Settings,Reactive Runtime Provider Selection And Quick-Pick,src/extension.ts;src/ui/runtimeAvailabilityNotice.ts;src/ui/runtimeReportPanel.ts;src/commands/openRuntimeReportPanelCommand.ts;src/reporting/comparisonReportAction.ts;src/tooling/dockerDaemonPlatform.ts;src/tooling/containerImageCatalog.ts;src/commands/pickRuntimeProviderCommand.ts;src/commands/runtimeCommands.ts,tests/unit/runtimeAvailabilityNotice.test.ts;tests/unit/runtimeAvailabilityWatcher.test.ts;tests/unit/runtimeReportPanel.test.ts;tests/unit/openRuntimeReportPanelCommand.test.ts;tests/unit/comparisonReportAction.test.ts;tests/unit/dockerDaemonPlatform.test.ts;tests/unit/containerImageCatalog.test.ts;tests/unit/pickRuntimeProviderCommand.test.ts;tests/unit/runtimeCommands.test.ts;tests/unit/requirementsDocs.test.ts,Status bar label is sourced from the persisted selection when satisfiable and from the auto-detection recommendation otherwise; the watcher subscribes to onDidChangeConfiguration filtered to viHistorySuite so a vihs CLI invocation or settings.json edit re-renders the label immediately from cached detection. The status bar item targets labviewViHistory.pickRuntimeProvider which now opens the Runtime & Report Settings panel (openRuntimeReportPanelCommand) built from cached detection (host installations + Docker if cliAvailable + Clear option); selecting a provider writes the three keys to ConfigurationTarget.Global via applyPickRuntimeProviderSelection and the bitness/version open-gate toasts open the same panel through the same command id. Show Runtime Summary appends a Drift line classifying selection vs recommendation alignment. When the selected docker image platform conflicts with the confirmed active Docker daemon mode the label renders a warning state with a conflict tooltip; the mode must be confirmed (explicit override or successful docker info probe) so an unknown mode never warns against a host-OS guess.
VHS-REQ-621,VHS-SYS-REQ-004,Active,Runtime Settings,Concurrent LabVIEW Bitness Conflict Diagnostic,src/reporting/comparisonReportRuntimeExecution.ts;src/reporting/comparisonRuntimeLocator.ts;src/reporting/comparisonRuntimeDoctor.ts;src/reporting/comparisonReportAction.ts;src/commands/openViHistoryCommand.ts,tests/unit/comparisonReportRuntimeExecution.test.ts;tests/unit/comparisonRuntimeLocator.test.ts;tests/unit/comparisonRuntimeDoctor.test.ts;tests/unit/comparisonReportAction.test.ts;tests/unit/openViHistoryCommand.test.ts;tests/unit/requirementsDocs.test.ts,Windows host preflight infers running LabVIEW bitness from Get-Process executable path (Program Files vs Program Files (x86)) and propagates labviewProcessBitness/labviewProcessExecutablePath through RuntimeProcessObservation. comparisonRuntimeLocator.locate short-circuits to blockedReason=windows-host-bitness-conflict when observed bitness differs from selected; comparisonRuntimeDoctor emits a next-action naming both bitnesses and viHistorySuite.labviewBitness. classifyRuntimeFailure rewrites command-exited-nonzero to labview-host-bitness-conflict when exit-snapshot LabVIEW bitness mismatches. The pre-launch windows-host-bitness-conflict block now surfaces a concise close-the-running-LabVIEW plus Retry Compare toast (no provider internals and no setting-switch text) and suppresses the auto-opened report while still persisting the packet; the mid-run labview-host-bitness-conflict failure keeps the verbose Pick Runtime Provider toast. The host-native rejection reason states the bitness conflict instead of the false LabVIEWCLI-not-located fallback (#530).
VHS-REQ-627,VHS-SYS-REQ-004,Active,Runtime Settings,LabVIEW CLI Prerequisite Gate For VI History Open,src/extension.ts;src/ui/runtimeAvailabilityNotice.ts,tests/unit/extensionActivationLazySideEffects.test.ts;tests/unit/runtimeAvailabilityNotice.test.ts;tests/unit/requirementsDocs.test.ts,"labviewViHistory.open consults the VHS-REQ-617 runtime availability watcher cached detection after the Git prerequisite gate and refuses to open the VI History panel with an Install LabVIEW warning toast when the LabVIEW CLI is not installed and no satisfiable Docker runtime is the active provider; a not-yet-ready detection and an active Docker provider allow the command so activation races and container users are never blocked."
VHS-REQ-629,VHS-SYS-REQ-004,Active,Runtime Settings,LabVIEW CLI Install Offer When LabVIEW Is Installed,src/extension.ts;src/ui/runtimeAvailabilityNotice.ts,tests/unit/runtimeAvailabilityNotice.test.ts;tests/unit/requirementsDocs.test.ts,"When the VHS-REQ-627 LabVIEW CLI gate blocks, the toast is tailored to the detected state: isLabviewHostInstalledWithoutCli (host installations present but no labviewCliPath) yields LABVIEW_CLI_MISSING_WITH_HOST_MESSAGE plus an Install LabVIEW CLI action opening INSTALL_LABVIEW_CLI_URL (the dedicated NI LabVIEW Command-Line Interface download, no srsltid token); no host installed keeps the original Install LabVIEW action and full-installer URL. presentLabviewCliOpenBlockedToast renders the decision message/action/URL; allow paths and the pure window-free decision are unchanged."
VHS-REQ-622,VHS-SYS-REQ-004,Active,Verification Infrastructure,Automated End-to-End Windows Runtime Conflict Verification Harness,scripts/runWindowsRuntimeMatrix.js;scripts/windows-runtime-matrix/Invoke-RuntimeMatrixSteadyState.ps1;scripts/windows-runtime-matrix/Close-LabviewProcesses.ps1;.github/workflows/windows-runtime-matrix.yml,tests/unit/runWindowsRuntimeMatrixScript.test.ts;tests/unit/requirementsDocs.test.ts;tests/unit/windowsRuntimeMatrixWorkflow.test.ts,Maintainer-driven Windows harness drives vihs --validate against a real running LabVIEW 2026 in both steady-state bitness directions (x64-host/x86-selected and x86-host/x64-selected); asserts runtimeBlockedReason=windows-host-bitness-conflict on the proof JSON; aggregates per-scenario outcomes into assurance-closeout-evidence/manual-vhs-req-621.json under schema vi-history-suite/runtime-matrix-evidence@v1. Race-condition reclassification (labview-host-bitness-conflict) is delegated to the existing unit-test contract at tests/unit/comparisonReportRuntimeExecution.test.ts. The dispatch-only workflow runs on the vihs-windows-labview-maintainer self-hosted runner under a trusted-ref allow-list and uploads matrix evidence + proofs as a build artifact.
VHS-REQ-623,VHS-SYS-REQ-007,Active,Comparison Reports,Windows Host-Native VI Server TCP Preflight Parity,src/reporting/comparisonReportRuntimeExecution.ts;src/reporting/comparisonReportPacket.ts;src/tooling/localRuntimeSettingsCli.ts,tests/unit/comparisonReportRuntimeExecution.test.ts;tests/unit/localRuntimeSettingsCli.test.ts;tests/unit/runWindowsRuntimeMatrixScript.test.ts;tests/unit/requirementsDocs.test.ts,"Before launching LabVIEWCLI, Windows host-native labview-cli runs read the LabVIEW.ini adjacent to the selected LabVIEW executable and block execution with blockedReason='windows-vi-server-tcp-disabled' when server.tcp.enabled=False is explicitly set, mirroring the Linux labview.conf preflight from VHS-REQ-156. The WindowsLabviewTcpSettings interface exposes a tri-state viServerTcpEnabled (true when enabled or absent — Windows defaults VI Server TCP on; false only on explicit False; 'unknown' when the ini is not readable). The block runs after preflightLinuxHostRuntimeSurface and before preflightWindowsHostRuntimeSurface, so the explicit ini-disabled signal wins over the bitness-conflict surface arm covered by VHS-REQ-621. The lvcompare engine is exempt because it does not connect to LabVIEW VI Server. The preflight does not auto-mutate LabVIEW.ini — write actions race with running LabVIEW IDE rewrites on clean shutdown. The vihs --validate runtime-validation proof serializes the observed host VI Server port (runtime.hostLabviewTcpPort) and its LabVIEW.ini path (runtime.hostLabviewIniPath) so real-hardware evidence proves a non-default server.tcp.port was admitted without a false conflict; the Windows runtime matrix harness port-A scenario derives its expected VI Server port from the selected install's own LabVIEW.ini (the same parse the product uses) rather than a hardcoded or operator-supplied constant, then asserts the admitted run's proof reports hostLabviewIniPath equal to that selected install's ini and hostLabviewTcpPort equal to the port parsed from it — keeping the contract correct for whatever port the operator configures and proving the product read the selected install rather than the latest-used one."
VHS-REQ-628,VHS-SYS-REQ-007,Active,Comparison Reports,Actionable VI Server Disabled Comparison Guidance,src/reporting/comparisonRuntimeDoctor.ts,tests/unit/comparisonRuntimeDoctor.test.ts;tests/unit/requirementsDocs.test.ts,"When a comparison is blocked with windows-vi-server-tcp-disabled or linux-vi-server-tcp-disabled (from the VHS-REQ-623 / VHS-REQ-156 preflights), deriveRuntimeDoctorNextAction emits a VI-Server-specific next-action that names enabling VI Server in LabVIEW (Tools → Options → VI Server) or setting server.tcp.enabled=True (LabVIEW.ini on Windows, labview.conf on Linux), then restarting LabVIEW and rerunning report generation. The next-action becomes the doctor summary's final line so the existing blocked-compare warning notification and history panel runtime result surface the same actionable guidance on both platforms. Detection stays in the compare-time preflights; this requirement owns only the user-facing next-action copy and does not add a pre-panel gate."
VHS-REQ-663,VHS-SYS-REQ-007,Active,Comparison Reports,Linux Container Bind-Mount Visibility Diagnostic,src/reporting/comparisonReportRuntimeExecution.ts,tests/unit/comparisonReportRuntimeExecution.test.ts;tests/unit/requirementsDocs.test.ts,"When a Linux container comparison fails with labview-cli-invalid-vi-path and the bind-mounted host report directory is outside the user's home directory, buildLinuxContainerBindMountVisibilityNote attaches an actionable diagnostic note naming snap-Docker bind-mount confinement (only the connected home interface is mounted by default) as the likely cause and the remediation (keep report storage under the home directory, or sudo snap connect docker:removable-media; native Docker is unaffected). executeComparisonReport appends the note to the failed run's diagnosticNotes for the linux-container provider only, derived from record.artifactPlan.reportDirectory and the resolved home directory, without changing failureReason or diagnosticReason."
VHS-REQ-630,VHS-SYS-REQ-007,Active,Comparison Reports,Actionable VI Server Guidance For LabVIEW CLI Connection Failure,src/reporting/comparisonReportRuntimeExecution.ts;src/reporting/comparisonRuntimeDoctor.ts,tests/unit/comparisonReportRuntimeExecution.test.ts;tests/unit/comparisonRuntimeDoctor.test.ts;tests/unit/requirementsDocs.test.ts,"When a host-native LabVIEWCLI compare attempt fails with labview-cli-connection-failed (LabVIEWCLI exit error -350000), classifyRuntimeFailure preserves the -350000 to labview-cli-connection-failed classification and deriveRuntimeDoctorNextAction emits a VI-Server-specific failed-state next-action naming VI Server (TCP/IP) disabled for the selected LabVIEW as the most common cause and the enable path (Tools → Options → VI Server / server.tcp.enabled=True and the configured port), restart LabVIEW, then rerun. Complements VHS-REQ-628 for the post-attempt case the VHS-REQ-623/156 ini preflight cannot catch (absent key, unreadable ini, or written only on clean LabVIEW exit). This requirement owns only the failed-state next-action copy beyond preserving the existing -350000 classification."
VHS-REQ-631,VHS-SYS-REQ-004,Active,Runtime Settings,Pre-Panel VI Server Prerequisite Gate For VI History Open,src/extension.ts;src/ui/runtimeAvailabilityNotice.ts,tests/unit/extensionActivationLazySideEffects.test.ts;tests/unit/runtimeAvailabilityNotice.test.ts;tests/unit/requirementsDocs.test.ts,"labviewViHistory.open consults the selected host LabVIEW VI Server config after the Git and LabVIEW-CLI gates and refuses to open the panel with a warning toast naming VI Server and the enable path unless server.tcp.enabled=True is explicit. isViServerExplicitlyEnabledInConfig requires an explicit True (case/quote/whitespace tolerant); absent key, False, and unreadable count as not enabled. decideViServerOpenGate allows on not-ready detection, active Docker provider, no resolvable host installation, or non-host platforms; otherwise it reads the Windows LabVIEW.ini adjacent to the selected exe or the Linux labview.conf candidates (reusing the VHS-REQ-156 builder) and blocks unless one is explicitly enabled. Strict open-gate-only rule; the compare-time VHS-REQ-623/156 preflight is unchanged. No TCP port probe. Accepted tradeoff: false-positive block for Windows hosts running VI Server on without an explicit key."
VHS-REQ-632,VHS-SYS-REQ-004,Active,Runtime Settings,Host LabVIEW Install Catalog Parity,src/tooling/labviewInstallCatalog.ts;src/tooling/runtimeAutoDetect.ts;src/reporting/comparisonRuntimeLocator.ts,tests/unit/labviewInstallCatalog.test.ts;tests/unit/runtimeAutoDetect.test.ts;tests/unit/comparisonRuntimeLocator.test.ts;tests/unit/requirementsDocs.test.ts,"Activation-time runtime detection (VHS-REQ-616) and the comparison runtime locator (VHS-REQ-155) derive their documented host LabVIEW/LabVIEWCLI/LVCompare install locations from one shared catalog (src/tooling/labviewInstallCatalog.ts) so the lightweight detector recognizes every documented LabVIEW and LabVIEW CLI filesystem install location the locator recognizes, preventing the LabVIEW CLI open gate from false-blocking a host the compare engine can serve. Activation detection resolves the host LabVIEW executable and LabVIEW CLI; LVCompare is a locator-only surface fed by the same catalog. Catalog supplies the supported year range, Linux quarterly (LabVIEW-<year>Q1-64/Q3) plus plain install dirs and shared nilvcli launchers, Windows LabVIEW <year>[ Q1| Q3] folders, the canonical 32-bit shared Windows LabVIEW CLI path, and LVCompare paths. detectLinux/WindowsHostInstallations enumerate the catalog (a quarterly-only Linux host is now detected); buildDocumentedRuntimeCandidates derives the same scan, with the Windows registry query remaining the locator-only superset for non-default installs. Catalog is pure (no VS Code/fs/child-process) so tooling and reporting consume it without a cycle. Activation detection stays filesystem-only; registry-only/custom-path parity is tracked separately."
VHS-REQ-633,VHS-SYS-REQ-004,Active,Runtime Settings,Manual LabVIEW Runtime Path Override,package.json;src/reporting/comparisonReportAction.ts;src/ui/runtimeAvailabilityNotice.ts;src/extension.ts,tests/unit/comparisonReportAction.test.ts;tests/unit/runtimeAvailabilityNotice.test.ts;tests/unit/packageManifest.test.ts;tests/unit/requirementsDocs.test.ts,"viHistorySuite.labviewCliPath and viHistorySuite.labviewExePath let users override host LabVIEW discovery for installs auto-detection does not cover. package.json contributes both as strings and lists both in capabilities.untrustedWorkspaces.restrictedConfigurations (they name executables the comparison launches, so untrusted workspaces cannot supply them). readComparisonRuntimeSettings reads both (trimmed; blank -> undefined) into ComparisonRuntimeSettings, so locateComparisonRuntime builds configured candidates and returns configured-labview-cli-path-missing/configured-labview-exe-path-missing for a non-existent path. decideLabviewCliOpenGate allows labviewViHistory.open when a non-empty labviewCliPath is configured, trusting the override (gate stays pure/window-free, no stat); extension.ts passes the configured path. Existence validation stays with the compare-time locator, making the runtime doctor's pre-existing set-the-path guidance functional end to end."
VHS-REQ-634,VHS-SYS-REQ-004,Active,Runtime Settings,Authoritative Host Fallback For LabVIEW CLI Open Gate,src/reporting/comparisonRuntimeLocator.ts;src/ui/runtimeAvailabilityNotice.ts;src/extension.ts,tests/unit/comparisonRuntimeLocator.test.ts;tests/unit/extensionActivationLazySideEffects.test.ts;tests/unit/runtimeAvailabilityNotice.test.ts;tests/unit/requirementsDocs.test.ts,"When the synchronous LabVIEW CLI open gate (VHS-REQ-627) would block labviewViHistory.open from the filesystem-only activation detection (VHS-REQ-616), the open command consults a bounded on-demand authoritative probe before blocking so a Windows registry-resolved / custom-path LabVIEW install the detector cannot see (it never queries the registry) does not false-block. probeWindowsRegistryHostLabviewAvailable reuses the locator's shipped reg query plans+parser and returns true only when a registry-resolved LabVIEW.exe (named directly, or derived from the National Instruments install-directory Path value the stock NI registry actually records) exists on disk AND the shared Windows LabVIEW CLI exists on disk; it performs no container/process probes and never throws. decideLabviewCliOpenGateWithRegistryFallback returns the base decision unless it is block on Windows with a probe supplied, then allows when the probe reports available (fail-closed to the base block on throw). extension.ts awaits the fallback with the registry probe only on the block branch. The synchronous decideLabviewCliOpenGate contract (VHS-REQ-627/629/633) is unchanged; activation detection stays filesystem-only."
VHS-REQ-635,VHS-SYS-REQ-018,Active,Git History Eligibility,Selected-File On-Demand Eligibility,src/extension.ts;src/commands/openViHistoryCommand.ts;src/services/viHistoryModel.ts;src/services/viHistoryService.ts;src/git/gitCli.ts;package.json,tests/unit/extensionActivationLazySideEffects.test.ts;tests/unit/openViHistoryCommand.test.ts;tests/unit/viHistoryModel.test.ts;tests/unit/viHistoryService.test.ts;tests/unit/gitCli.test.ts;tests/unit/packageManifest.test.ts;tests/unit/requirementsDocs.test.ts,Opening VI History evaluates only the selected file and does not require repository-wide VI indexing before producing history or an ineligibility message; the extension API keeps refreshEligibility non-enumerating and resolves Git lazily for the requested loadHistory URI.
VHS-REQ-636,VHS-SYS-REQ-004,Active,Runtime Settings,Pre-Panel LabVIEW Bitness Conflict Gate For VI History Open,src/extension.ts;src/ui/runtimeAvailabilityNotice.ts;src/reporting/comparisonReportRuntimeExecution.ts,tests/unit/runtimeAvailabilityNotice.test.ts;tests/unit/comparisonReportRuntimeExecution.test.ts;tests/unit/extensionActivationLazySideEffects.test.ts;tests/unit/requirementsDocs.test.ts,"labviewViHistory.open consults a bounded Windows-only running-process bitness observation after the VI Server gate (VHS-REQ-631) and refuses to open the panel with a plain-language toast naming the running and selected LabVIEW year/bitness when an observed LabVIEW.exe bitness differs from viHistorySuite.labviewBitness; the toast offers a Pick Runtime Provider action invoking labviewViHistory.pickRuntimeProvider. decideBitnessOpenGate fails open on unavailable detection, non-Windows, Docker provider, no host install, unknown or matching bitness, or observation error. Compare-time VHS-REQ-621 detection and classification is unchanged."
VHS-REQ-637,VHS-SYS-REQ-004,Active,Runtime Settings,Pre-Panel LabVIEW Version Mismatch Gate For VI History Open,src/extension.ts;src/ui/runtimeAvailabilityNotice.ts;src/reporting/comparisonReportRuntimeExecution.ts,tests/unit/runtimeAvailabilityNotice.test.ts;tests/unit/comparisonReportRuntimeExecution.test.ts;tests/unit/extensionActivationLazySideEffects.test.ts;tests/unit/requirementsDocs.test.ts,"labviewViHistory.open consults a bounded Windows-only running-process year observation after the VHS-REQ-636 bitness gate and refuses to open the panel with a plain-language toast naming the running and selected LabVIEW year/bitness when an observed LabVIEW.exe year differs from viHistorySuite.labviewVersion while bitness matches; the toast offers a Pick Runtime Provider action invoking labviewViHistory.pickRuntimeProvider and a Docker-on-x64 recovery option. decideVersionOpenGate fails open on unavailable detection, non-Windows, Docker provider, no host install, differing bitness (deferred to VHS-REQ-636), unknown or matching year, or observation error. Matching-version sessions remain admitted; compare-time VHS-REQ-621 and VHS-REQ-155 are unchanged."
VHS-REQ-638,VHS-SYS-REQ-008,Active,Comparison Reports,Comparison Report VI History Re-Entry Action,src/reporting/comparisonReportAction.ts;src/reporting/comparisonReportExport.ts;src/extension.ts;package.json,tests/unit/comparisonReportAction.test.ts;tests/unit/extensionActivationLazySideEffects.test.ts;tests/unit/packageManifest.test.ts,"A comparison-report title-bar VI History action re-opens VI History for the report source VI by delegating to labviewViHistory.open so trust/Git/LabVIEW gates still apply; the report opens beside the history panel so the history view stays visible. This provides the post-Compare re-entry path without broadening the explorer/editor context-menu when-clause, which stays resourceExtname-scoped (VHS-REQ-004 unchanged)."
VHS-REQ-639,VHS-SYS-REQ-001,Active,History Panel,Commit Body In History Panel,src/git/gitCli.ts;src/services/viHistoryModel.ts;src/ui/historyPanel.ts,tests/unit/gitCli.test.ts;tests/unit/historyPanelRendering.test.ts;tests/integration/suite/extensionHost.test.ts,"Commit body column replaces the adjacent-pair column; the Git commit body (git format %b) is captured per retained revision and rendered HTML-escaped with multi-line preserved and an empty-body fallback. No regression of VHS-REQ-007 NUL/control-safe parsing, VHS-REQ-008 bounded queries, VHS-REQ-017 escaping, or VHS-REQ-133 explicit compare selection."
VHS-REQ-640,VHS-SYS-REQ-008,Active,Comparison Reports,Self-Contained Single-File Comparison Report Output,src/reporting/comparisonReportExecutionPlan.ts;src/reporting/comparisonReportPlan.ts;src/reporting/comparisonReportAction.ts,tests/unit/comparisonReportExecutionPlan.test.ts;tests/unit/comparisonReportAction.test.ts,"Comparison reports are generated as a self-contained single-file HTML (-ReportType htmlsinglefile) with difference images embedded as data URIs, eliminating the per-image webview sub-requests that previously exhausted the resource loader on large reports and left images showing their path text. Applied uniformly across host-native, Linux container, and Windows container providers. Newly generated reports need no sibling <report>_files assets directory; previously retained multi-file reports still render via the interim lazy-image-loading path."
VHS-REQ-641,VHS-SYS-REQ-008,Active,Comparison Reports,Working-Tree (Uncommitted) Comparison Against a Prior Revision,src/git/gitCli.ts;src/services/viHistoryModel.ts;src/reporting/comparisonReportPreflight.ts;src/reporting/comparisonReportRuntimeExecution.ts;src/reporting/comparisonReportAction.ts;src/reporting/comparisonReportPacket.ts;src/commands/openViHistoryCommand.ts;src/ui/historyPanel.ts;src/dashboard/worktreeSnapshotIndex.ts;src/dashboard/comparisonReportArchive.ts;src/dashboard/multiReportDashboard.ts;package.json,tests/unit/gitCli.test.ts;tests/unit/viHistoryModel.test.ts;tests/unit/comparisonReportPreflight.test.ts;tests/unit/comparisonReportRuntimeExecution.test.ts;tests/unit/comparisonReportAction.test.ts;tests/unit/openViHistoryCommand.test.ts;tests/unit/worktreeSnapshotIndex.test.ts;tests/unit/comparisonReportArchive.test.ts;tests/unit/multiReportDashboard.test.ts,"Detects uncommitted working-tree changes to a tracked VI (git status --porcelain scoped to the path) and lets the user compare the on-disk file against the newest commit (HEAD) via a reserved WORKTREE revision sentinel. The sentinel side reads bytes from disk instead of git show, and the selected-revision tree materializer stages the base commit tree as dependency context. A VI with one commit plus uncommitted changes becomes eligible. Working-tree comparisons are read-only. Phase 3 (issue #1366) retains a working-tree comparison when it produces a content-addressed snapshot identity: it is archived under a content-addressed pair-ID (WORKTREE:<snapshotId>), appended to a persisted per-VI worktree-snapshot-index@v1 retention index (worktreeSnapshotIndex.ts) with a keep-last-N limit (viHistorySuite.comparison.worktreeSnapshotRetentionLimit, default 5, 0 disables), and surfaced in the dashboard as a non-reproducible uncommitted snapshot entry; evicted snapshots' archive dirs are garbage-collected. A run that produced no snapshot identity (blocked/daemon-down) stays unarchived. The history panel pins a selectable working-tree row so the on-disk version can be paired with any committed revision (not only HEAD)."
VHS-REQ-642,VHS-SYS-REQ-007,Active,Comparison Reports,Docker Daemon Not Running Comparison Toast,src/reporting/comparisonReportAction.ts;src/commands/openViHistoryCommand.ts;src/ui/historyPanelTracker.ts,tests/unit/comparisonReportAction.test.ts;tests/unit/openViHistoryCommand.test.ts;tests/unit/requirementsDocs.test.ts,"When a comparison blocks because the Docker daemon is unreachable (dockerDaemonReachable=false and dockerCliAvailable!=false, i.e. the CLI is not confirmed absent: true or undefined) under blockedReason docker-provider-unavailable/docker-only-provider-unavailable/auto-docker-installed-provider-unavailable, isDockerDaemonNotRunningBlock returns true. The !=false CLI check mirrors the doctor next-action partition in deriveContainerRecoveryAction (dockerCliAvailable=false steers to install Docker; any other state with an unreachable daemon steers to start Docker Desktop), so the concise toast fires for the real-world dockerCliAvailable=undefined shape instead of leaking the verbose toast and auto-opened report; the daemon side stays strict so dockerDaemonReachable=undefined returns false. The action surfaces dockerCliAvailable/dockerDaemonReachable plus the selected platform and outcome blocked-docker-daemon-not-running, and suppresses the report webview unless archiving genuinely failed (archiveFailureReason=retained-archive-write-failed), falling through to open the webview directly only on a real archive write failure so diagnostics are never lost. A working-tree comparison intentionally not archived (VHS-REQ-641, archiveFailureReason=retained-archive-unavailable, retainedArchiveAvailable=false) is still suppressed because the guard keys on the genuine write-failure reason rather than retainedArchiveAvailable, fixing the leaked auto-opened report tab for daemon-down working-tree compares. openViHistoryCommand shows a single platform-aware toast built by buildDockerDaemonNotRunningMessage (Docker Desktop on win32, the Docker daemon otherwise) with Retry (re-run same pair) and Show diagnostics (open retained packet) instead of the verbose runtime warning. All other blocked and failed reasons keep their existing diagnostics surface."
VHS-REQ-643,VHS-SYS-REQ-007,Active,Comparison Reports,Docker Not Installed Comparison Toast,src/reporting/comparisonReportAction.ts;src/commands/openViHistoryCommand.ts;src/ui/historyPanelTracker.ts,tests/unit/comparisonReportAction.test.ts;tests/unit/openViHistoryCommand.test.ts;tests/unit/requirementsDocs.test.ts,"Sibling of VHS-REQ-642 for the Docker-not-installed case (dockerCliAvailable=false) under blockedReason docker-provider-unavailable/docker-only-provider-unavailable/auto-docker-installed-provider-unavailable: isDockerNotInstalledBlock returns true (mutually exclusive with the daemon-down predicate on dockerCliAvailable); the action returns outcome blocked-docker-not-installed and suppresses the report webview unless archiving genuinely failed (archiveFailureReason=retained-archive-write-failed), falling through to open the webview directly only on a real archive write failure so diagnostics are never lost. A working-tree comparison intentionally not archived (VHS-REQ-641, retained-archive-unavailable) is still suppressed. openViHistoryCommand shows a single platform-aware toast built by buildDockerNotInstalledMessage (Docker Desktop on win32, Docker otherwise) with Install Docker (opens INSTALL_DOCKER_URL via openExternal) and Show diagnostics (open retained packet) instead of the verbose runtime warning. No automatic install or process launch; link only. The VHS-REQ-642 daemon-down toast and all other blocked/failed reasons are unchanged."
VHS-REQ-644,VHS-SYS-REQ-008,Active,Comparison Reports,Commit Body In Comparison Report,src/reporting/comparisonReportPacket.ts;src/reporting/comparisonReportAction.ts;src/reporting/comparisonReportExport.ts,tests/unit/comparisonReportPacket.test.ts;tests/unit/comparisonReportAction.test.ts;tests/unit/comparisonReportExport.test.ts,"The produced comparison report renders the full Git commit body (git format %b) for both the selected and base revision context cards alongside the existing date/author/subject facts: in the retained packet HTML (and therefore the VHS-REQ-626 packet export, which copies that HTML), the in-panel shared panel context markup, and the exported generated-report copy. Per VHS-REQ-626, generated-report export injects revision context into the exported copy only while leaving the retained LabVIEW-generated source report unchanged. The body is carried through ComparisonReportRevisionMetadata from the in-memory retained-history commits already passed to comparison generation (no new Git reads, no regression of VHS-REQ-008), rendered HTML-escaped with multi-line preserved (no regression of VHS-REQ-017). Undefined (not-retained) metadata renders the shared not-retained fallback; a retained empty/whitespace body (including the synthesized working-tree revision, VHS-REQ-641) renders a distinct empty-body fallback. Reuses the VHS-REQ-639 history-panel commit-body pattern; history-panel and review-packet body rendering and comparison runtime behavior are unchanged."
VHS-REQ-645,VHS-SYS-REQ-008,Active,Comparison Reports,Configurable Comparison Report Flags,package.json;src/reporting/comparisonReportPlan.ts;src/reporting/comparisonReportExecutionPlan.ts;src/reporting/comparisonReportRuntimeExecution.ts;src/reporting/comparisonReportAction.ts;src/ui/runtimeReportPanel.ts;src/commands/openRuntimeReportPanelCommand.ts,tests/unit/packageManifest.test.ts;tests/unit/comparisonReportExecutionPlan.test.ts;tests/unit/comparisonReportAction.test.ts;tests/unit/runtimeReportPanel.test.ts;tests/unit/openRuntimeReportPanelCommand.test.ts;tests/unit/comparisonReportOptionSelection.test.ts,"The LabVIEW comparison report difference-suppression filters are user- and workspace-configurable through native VS Code settings under viHistorySuite.report.*: boolean filters ignoreViAttributes ignoreFrontPanel ignoreFrontPanelObjectPosition ignoreBlockDiagram and ignoreBlockDiagramCosmetic. readComparisonReportOptions reads them at the comparison-report action boundary and threads them through buildComparisonReportExecutionPlan into buildLabviewCliCreateComparisonReportPlan; each enabled filter emits exactly its verified LabVIEWCLI CreateComparisonReport flag (-noattr -nofp -nofppos -nobd -nobdcosm). The report output format is fixed to single-file HTML (-ReportType htmlsinglefile, hardcoded in the CLI plan) and is NOT configurable: there is no viHistorySuite.report.format setting and no panel format control (#545), so the multi-file html report type cannot be reintroduced for newly generated reports (no regression of VHS-REQ-640). With nothing configured the generated invocation is identical to the prior hardcoded single-file HTML compare-everything behavior. The settings render in the native Settings editor with no scripted webview and the comparison-report panel keeps scripts disabled (no regression of VHS-REQ-626). The Runtime & Report Settings panel (openRuntimeReportPanelCommand with the runtimeReportPanel renderer) surfaces these flags as Include checkboxes (checked = include the difference class); applyComparisonReportOptionSelection persists each edit to viHistorySuite.report.* with the Include-to-ignore inversion so unchecking a class writes ignore=true."
VHS-REQ-646,VHS-SYS-REQ-019,Active,Runtime Discovery,LabVIEW Container Image Tag Model,src/tooling/containerImageCatalog.ts,tests/unit/containerImageCatalog.test.ts;tests/unit/requirementsDocs.test.ts,Pure parser/formatter/comparator for nationalinstruments/labview <year>q<quarter>[patch<n>]-<platform> tags; namespace-pinned and newest-first ordered with a higher patch newer and the base release oldest within its group; performs no I/O.
VHS-REQ-647,VHS-SYS-REQ-019,Active,Runtime Discovery,Published Container Image Tag Discovery,src/tooling/containerImageCatalog.ts;src/commands/pickContainerImageVersionCommand.ts,tests/unit/containerImageCatalog.test.ts;tests/unit/pickContainerImageVersionCommand.test.ts;tests/unit/requirementsDocs.test.ts,Anonymous read-only bounded Docker Hub tag discovery filtered to platform and the supported year floor through the VHS-REQ-646 model behind an injected fetch boundary with a bounded HTTPS default; failure degrades to empty plus a non-fatal note and never throws.
VHS-REQ-648,VHS-SYS-REQ-019,Active,Runtime Discovery,Local Container Image Tag Discovery,src/tooling/containerImageCatalog.ts;src/commands/pickContainerImageVersionCommand.ts,tests/unit/containerImageCatalog.test.ts;tests/unit/pickContainerImageVersionCommand.test.ts;tests/unit/requirementsDocs.test.ts,Enumerates locally pulled nationalinstruments/labview images via an injected docker images boundary and merges with published results marking local presence and registry publication; offline-safe and empty when the Docker CLI is absent. The default lister distinguishes three Docker states: CLI absent (spawn error) resolves empty (nothing pulled); CLI present but daemon unreachable (non-zero exit) rejects; success (exit 0) resolves the parsed list. On a lister rejection discoverLocalContainerImageVersions sets localPresenceUnknown and returns empty with a note so consumers report local presence as unknown rather than empty; a resolved empty list does not set the flag.
VHS-REQ-649,VHS-SYS-REQ-019,Active,Menu Gating,Container Image Version Selection Setting And Quick-Pick,package.json;src/commands/pickContainerImageVersionCommand.ts;src/commands/openRuntimeReportPanelCommand.ts;src/extension.ts,tests/unit/pickContainerImageVersionCommand.test.ts;tests/unit/openRuntimeReportPanelCommand.test.ts;tests/unit/packageManifest.test.ts;tests/unit/requirementsDocs.test.ts,"Contributes the trust-restricted viHistorySuite.container.imageVersion setting and the labviewViHistory.pickContainerImageVersion command listing discovered versions newest-first with pulled-locally vs available-to-pull annotations and persisting the chosen tag at Global scope; trusted-workspace gated with a Clear option and an actionable empty-discovery message. When local presence is unknown because the Docker engine was offline (localPresenceUnknown from VHS-REQ-648), non-local versions are annotated Local presence unknown (Docker engine offline) instead of Available to pull in both the quick-pick (buildContainerImageVersionItems) and the runtime settings panel (presenceLabel), so a pulled image is never misreported as needing a pull while the daemon is down."
VHS-REQ-650,VHS-SYS-REQ-019,Active,Runtime Discovery,Selected Container Version Drives Both Providers With Fail-Closed Resolution,src/reporting/comparisonRuntimeLocator.ts;src/reporting/comparisonRuntimeDoctor.ts;src/reporting/comparisonReportAction.ts;src/commands/openViHistoryCommand.ts;src/commands/pickContainerImageVersionCommand.ts,tests/unit/comparisonRuntimeLocator.test.ts;tests/unit/comparisonRuntimeDoctor.test.ts;tests/unit/comparisonReportAction.test.ts;tests/unit/openViHistoryCommand.test.ts;tests/unit/pickContainerImageVersionCommand.test.ts;tests/unit/requirementsDocs.test.ts,The locator resolves the selected container image version to a concrete reference for both windows-container and linux-container providers with an explicit full-string override still taking precedence and bypasses the legacy docker-provider-labview-version-not-implemented year pin when a version is selected; unset preserves the prior platform default and a selected-but-unacquirable image fails closed through the existing container-image acquisition path. A selected version whose platform conflicts with the active Docker container host mode fails closed with the classified container-image-platform-mismatch blocked reason instead of silently substituting the platform default. The mismatch compare-time block surfaces a concise toast naming the selected image container platform vs the active Docker engine mode (no provider/rejected-provider internals and no host-native clause) with a Pick Image Version action and suppresses the auto-opened report while still persisting the packet (#532). The image-version picker surfaces a stale cross-platform selection as a leading warning Clear row. The mismatch remediation is delivered through the toast action and the labviewViHistory.pickContainerImageVersion command; the minimized History panel no longer renders an in-panel Pick Image Version CTA or compare-preflight section.
VHS-REQ-651,VHS-SYS-REQ-019,Active,Menu Gating,Chain Container Image Version Pick After Docker Provider Selection,src/commands/openRuntimeReportPanelCommand.ts;src/ui/runtimeReportPanel.ts;src/commands/pickContainerImageVersionCommand.ts;src/extension.ts;package.json,tests/unit/openRuntimeReportPanelCommand.test.ts;tests/unit/extensionActivationLazySideEffects.test.ts;tests/unit/packageManifest.test.ts;tests/unit/requirementsDocs.test.ts,The Runtime & Report Settings panel co-locates the LabVIEW container image version selector with the runtime provider selection: the container section (openRuntimeReportPanelCommand with the runtimeReportPanel renderer) is shown when Docker is the selected or available provider so choosing Docker surfaces the image-version control inline instead of chaining a separate quick-pick. selectContainerVersion persists the chosen tag or clears to the newest supported default in viHistorySuite.container.imageVersion via applyContainerImageVersionSelection; discovery reuses the published and local image catalog boundaries behind injected fetch and list seams. The standalone labviewViHistory.pickContainerImageVersion command stays registered for the compare-preflight remediation CTAs but is removed from the Command Palette.
VHS-REQ-654,VHS-SYS-REQ-019,Active,Runtime Discovery,Live Container Image Pull Progress,src/tooling/dockerImagePullProgress.ts;src/reporting/comparisonRuntimeLocator.ts,tests/unit/dockerImagePullProgress.test.ts;tests/unit/comparisonRuntimeLocator.test.ts;tests/unit/requirementsDocs.test.ts;manual:windows-container-image-cold-pull-progress,"acquireWindowsContainerImage drives the LabVIEW image cold-pull through the Docker Engine API POST /images/create stream over the local daemon socket (Windows named pipe or Linux /var/run/docker.sock) and aggregates per-layer progressDetail.current/total byte counts into a monotonic clamped 0-100 percent with downloaded/total byte figures surfaced in the acquisition progress message. The Engine API path is attempted only where the daemon socket is directly reachable (native Windows or Linux-native); the Linux-to-Windows-docker WSL bridge and any other host fall back to the prior docker pull CLI acquisition so behavior is never worse. An unreachable socket transparently falls back to the CLI; an in-band pull error or non-2xx daemon response is a failed acquisition carrying the error. Read-only anonymous pull of the namespace-pinned nationalinstruments/labview repository with no registry credential header and no new dependency (Node http.request over the socket). Parser and aggregator are pure; the daemon-socket request is behind an injected boundary so the feature is unit-testable on Linux."
VHS-REQ-655,VHS-SYS-REQ-019,Active,Runtime Discovery,Stable Byte-Percentage Pull Progress,src/tooling/dockerImageDownloadSize.ts;src/tooling/dockerImagePullProgress.ts,tests/unit/dockerImageDownloadSize.test.ts;tests/unit/dockerImagePullProgress.test.ts;tests/unit/requirementsDocs.test.ts;manual:windows-container-image-cold-pull-progress,"Before the cold-pull begins the extension resolves the image total compressed download size from the Docker Hub registry manifest (anonymous pull token from auth.docker.io then the manifest from registry-1.docker.io; a manifest list or OCI image index is resolved to the windows/amd64 manifest) and sums the per-layer compressed sizes. The pull-progress aggregator divides downloaded bytes by that stable total instead of the partially-known live-stream totals, crediting cached Already exists layers from a per-layer size map so a partial cache still reaches the total; the percent stays monotonic and capped below 100 and the toast shows downloaded over total bytes (for example 42% (8.1 GB / 19.3 GB)). When the stable total is unavailable (non-Docker-Hub registry, auth or network or parse error, timeout, or missing platform) progress falls back to the layer-weighted figure of VHS-REQ-654 so behavior is never worse. Resolution is anonymous with no credentials, bounded by a per-request timeout and a response-size cap, and contacts only the fixed Docker Hub registry and token hosts derived from the image reference so there is no SSRF surface. The reference, challenge, and manifest helpers are pure and the HTTP request is behind an injected boundary so the resolver is unit-testable on Linux without network."
VHS-REQ-656,VHS-SYS-REQ-019,Active,Runtime Discovery,Container Image Pull Phase Signaling,src/tooling/dockerImagePullProgress.ts;src/reporting/comparisonRuntimeLocator.ts,tests/unit/dockerImagePullProgress.test.ts;tests/unit/comparisonRuntimeLocator.test.ts;tests/unit/requirementsDocs.test.ts;manual:windows-container-image-cold-pull-progress,"The pull-progress parser distinguishes the per-layer lifecycle states Downloading, Download complete, Extracting, Pull complete, and Already exists, and the aggregator derives an overall phase (preparing then downloading then extracting then complete) plus a layer-weighted extraction percentage. The acquisition message names the current phase: a pulling message with the download percentage while downloading, an extracting message with its own percentage and completed over total layer count while extracting (for example Extracting container image: image 60% (8/13 layers)), and a finalizing message once every layer is pulled before the existing Container image ready signal. The progress bar advances monotonically through both phases (download owns the larger share and extraction the remainder) so it does not freeze at the download ceiling during the multi-minute unpack. Extraction signaling is robust when the daemon omits Extracting byte detail because the extraction percentage still advances as layers reach Pull complete. The download-phase behavior of VHS-REQ-654 and VHS-REQ-655 is unchanged."
VHS-REQ-657,VHS-SYS-REQ-019,Active,Runtime Discovery,Version-Aware LabVIEW Container Execution,src/tooling/containerImageCatalog.ts;src/reporting/comparisonReportRuntimeExecution.ts;src/reporting/comparisonRuntimeLocator.ts;src/reporting/comparisonRuntimeDoctor.ts;src/commands/pickRuntimeProviderCommand.ts;src/tooling/runtimeSettingsSeed.ts;src/ui/runtimeAvailabilityNotice.ts;src/commands/openRuntimeReportPanelCommand.ts;src/ui/runtimeReportPanel.ts,tests/unit/containerImageCatalog.test.ts;tests/unit/comparisonReportRuntimeExecution.test.ts;tests/unit/comparisonRuntimeLocator.test.ts;tests/unit/comparisonRuntimeDoctor.test.ts;tests/unit/runtimeSettingsSeed.test.ts;tests/unit/runtimeAvailabilityNotice.test.ts;tests/unit/pickRuntimeProviderCommand.test.ts;tests/unit/openRuntimeReportPanelCommand.test.ts;tests/unit/requirementsDocs.test.ts,"resolveLinuxContainerLabviewProfile derives the in-container LabVIEW executable and headless mechanism from the selected Linux image year: 2026 Q1 and later use LabVIEW-<year>-64/labviewprofull with -Headless, while 2025 Q3 and earlier use LabVIEW-<year>-64/labview with an exported EnableCICDFeaturesForLabVIEW=TRUE and no -Headless (per ni/labview-for-containers). An unparseable image falls back to the LabVIEW 2026 profile. buildLinuxContainerCommandPlan threads the profile through the LabVIEWCLI args, the container bash script, and the LVCompare lvpath; the Linux headless recursive-load recovery runs only for the -Headless mechanism. The locator no longer emits docker-provider-labview-version-not-implemented (the legacy 2026 pin is removed); the resolved image governs the version and the labview-version-unsupported-for-comparison-report floor still applies. The runtime doctor Requested runtime line reports the image-derived year for container providers. The Docker provider option is labeled Docker with no version or bitness in both the picker and the Runtime & Report Settings panel; selecting it persists runtimeProvider=docker and clears labviewVersion and labviewBitness; isPersistedSelectionSatisfiable, the activation seed completeness, selectActiveRuntime, and the runtime panel selection treat a Docker selection as complete with the provider key alone, and the status-bar label stays image-based. The panel LabVIEW container image section is shown only when Docker is the comparison runtime (persisted docker, or unset with an auto-detected Docker active provider) and hidden for a host selection, coordinating with VHS-REQ-651. Windows-container execution remains LabVIEW 2026 pinned and the vihs terminal CLI docker prompt is unchanged."
VHS-REQ-660,VHS-SYS-REQ-008,Active,Review Workflow,Source Control Semantic Change Hover,src/semantic/viSemanticNarrativeCache.ts;src/ui/viSemanticDecorationProvider.ts;src/extension.ts,tests/unit/viSemanticNarrativeCache.test.ts;tests/unit/viSemanticDecorationProvider.test.ts;tests/unit/requirementsDocs.test.ts;manual:source-control-semantic-change-hover,Source Control file decoration surfaces the cached semantic what-changed narrative for a changed VI gated on workspace trust.
VHS-REQ-659,VHS-SYS-REQ-008,Active,Comparison Reports,Single-VI Interactive Preview Rendering,package.json;src/reporting/viPreview/viPreviewCommandPlan.ts;src/reporting/viPreview/viPreviewExecution.ts;src/reporting/viPreview/viPreviewFileRender.ts;src/reporting/viPreview/viPreviewStaging.ts;src/reporting/viPreview/viPreviewCache.ts;src/reporting/viPreview/viPreviewCacheWarmer.ts;src/reporting/viPreview/viPreviewRuntimeAdapter.ts;src/reporting/viPreview/viPreviewWebview.ts;src/reporting/viPreview/viPreviewRenderSource.ts;src/reporting/viPreview/viPreviewFramesModel.ts;src/reporting/viPreview/viPreviewFramesViewer.ts;src/reporting/viPreview/viPreviewFlatFrames.ts;src/reporting/viPreview/viPreviewRenderMode.ts;src/reporting/viPreview/viPreviewSessionRuntime.ts;src/reporting/viPreview/viPreviewVerification.ts;src/tooling/viPreviewVerifyCli.ts;src/ui/viPreviewEditor.ts;src/ui/viPreviewRenderHost.ts;src/ui/viPreviewCacheWarmerService.ts;src/ui/viPreviewContainerSession.ts;src/ui/viPreviewSessionManager.ts;src/git/revisionViTree.ts;resources/labview-cli-operations/PrintToSingleFileHtml/PrintToSingleFileHtml.lvclass,tests/unit/packageManifest.test.ts;tests/unit/viPreviewEditor.test.ts;tests/unit/viPreviewCommandPlan.test.ts;tests/unit/viPreviewExecution.test.ts;tests/unit/viPreviewFileRender.test.ts;tests/unit/viPreviewStaging.test.ts;tests/unit/viPreviewCache.test.ts;tests/unit/viPreviewCacheWarmer.test.ts;tests/unit/viPreviewRuntimeAdapter.test.ts;tests/unit/viPreviewWebview.test.ts;tests/unit/viPreviewRenderSource.test.ts;tests/unit/viPreviewFramesModel.test.ts;tests/unit/viPreviewFramesViewer.test.ts;tests/unit/viPreviewFlatFrames.test.ts;tests/unit/viPreviewRenderMode.test.ts;tests/unit/viPreviewSessionManager.test.ts;tests/unit/viPreviewSessionRuntime.test.ts;tests/unit/viPreviewVerification.test.ts;tests/unit/viPreviewVerifyCli.test.ts;tests/unit/revisionViTree.test.ts;tests/unit/requirementsDocs.test.ts,"Single-VI preview renders one LabVIEW VI to a self-contained HTML document via NI's PrintToSingleFileHtml custom LabVIEWCLI operation (vendored under resources/labview-cli-operations/PrintToSingleFileHtml from ni/labview-for-containers), so a selected revision can be inspected without a second revision to compare. buildLabviewCliPrintToSingleFileHtmlPlan builds the host command with -VI/-OutputPath/-AdditionalOperationDirectory and default -LogToConsole TRUE/-c/-o, emitting -LabVIEWPath/-PortNumber/-Headless only when supplied and never the two-VI CreateComparisonReport flags. rewriteViPreviewArgsForLinuxContainerWorkspace maps the VI and output to workspace-relative container paths, repoints the operation directory at the read-only mount, swaps in the in-container LabVIEW executable, and keeps -Headless once. buildLinuxContainerViPreviewCommandPlan assembles a shell-less docker run with the workspace and read-only operation mounts and a single bash -lc script that hardens VI Server in the per-version LabVIEW config and retries once on the cold-launch -350000 connectivity failure, matching the comparison runtime recipe. This first slice is the pure command-plan layer; execution orchestration, the preview webview, and the single-selection and custom-editor triggers land in later slices on the same feature branch. The renderer runs headless on the LabVIEW Linux container without the Web Services wsapi image-to-PNG dependency that breaks the gpreview alternative."
VHS-REQ-661,VHS-SYS-REQ-013,Active,CI And Developer Environment,On-Demand VI Semantic PR Review Workflow,.github/workflows/vi-semantic-pr-review.yml;.github/workflows/vi-semantic-pr-review-callable.yml;docs/consumer-workflows/vi-semantic-review-on-pr.yml;src/cli/runViSemanticPrReview.ts;src/semantic/viSemanticPrReview.ts;src/semantic/stickyPrComment.ts;src/semantic/viSemanticReviewMarkdown.ts;src/semantic/viSemanticNoChangeDetection.ts;src/semantic/viComparisonReportImages.ts;src/semantic/viReviewCommitStatus.ts,tests/unit/viSemanticPrReviewWorkflow.test.ts;tests/unit/viSemanticReviewOnPrTemplate.test.ts;tests/unit/viSemanticReviewMarkdown.test.ts;tests/unit/viSemanticNoChangeDetection.test.ts;tests/unit/viComparisonReportImages.test.ts;tests/unit/viReviewCommitStatus.test.ts;tests/unit/viSemanticPrReview.test.ts;tests/unit/stickyPrComment.test.ts;tests/unit/runViSemanticPrReview.test.ts;tests/unit/requirementsDocs.test.ts;manual:vi-semantic-pr-review-workflow-dispatch,"Maintainer-dispatched workflow_dispatch workflow that delegates to a reusable workflow_call unit (vi-semantic-pr-review-callable.yml) so any LabVIEW repo can consume it. Runs the shipped runViSemanticPrReview CLI against any target repo/PR on a GitHub-hosted ubuntu-latest runner (pulling the NI LabVIEW docker image) and upserts a sticky VI review comment on the target PR by hidden marker. Fails closed to trusted vi-history-suite refs (enforce_trusted_ref gate); posts cross-repo via the VI_REVIEW_TARGET_TOKEN secret passed as GH_TOKEN (the workflow's own GITHUB_TOKEN cannot comment on a different target repo); resolves the review range as merge-base(base,head); passes the canonical <version>-linux container tag; verifies docker and pulls the NI LabVIEW image as a fail-fast gate; uploads review-out artifact; contains no vagrant reference (VHS-REQ-599)."
VHS-REQ-662,VHS-SYS-REQ-008,Active,Review Workflow,VI Semantic Comparison Model And Agent MCP Surface,src/semantic/viSemanticModel.ts;src/semantic/viSemanticSchemas.ts;src/semantic/viSemanticComparisonMcp.ts;src/semantic/compareViRevisions.ts;src/semantic/viComparisonModelCache.ts;src/semantic/viSemanticHistory.ts;src/semantic/viRepositoryIndex.ts;src/mcp/viSemanticMcpServerProvider.ts;src/mcp/viSemanticMcpServerDeps.ts,tests/unit/viSemanticModel.test.ts;tests/unit/viSemanticSchemas.test.ts;tests/unit/viSemanticComparisonMcp.test.ts;tests/unit/compareViRevisions.test.ts;tests/unit/viComparisonModelCache.test.ts;tests/unit/viSemanticHistory.test.ts;tests/unit/viRepositoryIndex.test.ts;tests/unit/viSemanticMcpServerProvider.test.ts;tests/unit/viSemanticMcpServerDeps.test.ts;tests/unit/requirementsDocs.test.ts;manual:vi-semantic-comparison-mcp-surface,"Versioned vi-semantic-comparison@v1 model plus a shared what-changed narrative, the open Draft-07 JSON-Schema standard (comparison/history/repository-index) with an offline subset validator, and a dependency-free JSON-RPC MCP server exposing eight agent tools that VS Code registers for Copilot agent mode. Model, schemas, handler, and orchestrators stay VS Code- and network-free and are reused by the Source Control hover (VHS-REQ-660) and the PR-review workflow (VHS-REQ-661)."
VHS-REQ-664,VHS-SYS-REQ-008,Active,Comparison Reports,Preview And Comparison Cache Warming On VI Change,src/reporting/viPreview/viChangeWarmScheduler.ts;src/ui/viChangeWarmerService.ts;src/extension.ts;package.json,tests/unit/viChangeWarmScheduler.test.ts;tests/unit/requirementsDocs.test.ts;manual:warm-changed-vi-caches,On VI change under the Docker runtime the extension warms that VI's preview render cache and runs a background HEAD-versus-working-tree comparison whose report records the semantic narrative so the Source Control hover updates; debounced and serialized; opt-in via viHistorySuite.preview.warmOnChange with preview.enabled gating the preview warm and workspace trust gating the comparison warm.
VHS-REQ-665,VHS-SYS-REQ-007,Active,Comparison Reports,Win32 Host-Native Headless Comparison For 32-bit LabVIEW Parity,src/reporting/comparisonReportRuntimeExecution.ts,tests/unit/comparisonReportRuntimeExecution.test.ts;tests/unit/requirementsDocs.test.ts;manual:vagrant-hostnative-x86-headless,"When the opt-in LV_RTE_WIN_HOSTNATIVE_HEADLESS=1 toggle is set and the extension runs natively on Windows against a host-native labview-cli comparison, buildWindowsHostNativeHeadlessCommandPlan wraps the bare CLI plan in a powershell -EncodedCommand headless launch script that prelaunches the selected LabVIEW --headless (binding the VI Server without an interactive desktop), tunes the LabVIEWCLI.ini connect window, runs the CLI verbatim, and retries once on the cold-launch VI Server connect race (-350000/-350051), reusing the windows-container launch technique so a non-interactive session can drive a real comparison against locally installed 32-bit LabVIEW 2026 (the bitness the x64-only windows-container provider cannot exercise). prepareExecutionContext applies the wrap only when processPlatform is win32, the effective runtime platform is win32, and the toggle is set; the default interactive host-native path is unchanged; the shared builder keeps byte-identical windows-container output. The Vagrant lane exercising this is a local maintainer helper only, never a CI gate."
VHS-REQ-666,VHS-SYS-REQ-013,Active,CI And Developer Environment,Mandatory Local Vagrant Release Attestation,scripts/checkReleaseReadiness.js;.github/workflows/marketplace-release.yml;docs/requirements/runtime-validation-ledger.json;vagrant/box-manifest.json;package.json;docs/vagrant.md;docs/maintainer-operations.md,tests/unit/releaseReadinessScript.test.ts;tests/unit/marketplaceReleaseWorkflow.test.ts;tests/unit/packageManifest.test.ts;manual:vagrant-validate-release,"Kicking off a marketplace release requires a fresh local Vagrant Windows/LabVIEW validation attestation for the exact release version. checkReleaseReadiness.js --require-release-attestation appends a gating release-attestation check that passes only when a releaseGating track in the committed runtime-validation ledger has lastValidatedVersion equal to the release version (absent/stale fails closed; --strict exits nonzero). Default advisory readiness stays three checks plus the display-only runtime line (VHS-REQ-615.13). The marketplace-release workflow runs the gate before publish by reading the committed ledger so hosted CI needs no hypervisor and the workflow YAML names no Vagrant helper (VHS-REQ-599 alignment). npm run vagrant:validate:release runs the lane and records the attestation via recordRuntimeValidation.js. Under --require-release-attestation the gate also appends a CI-safe box-manifest-integrity check that fails closed unless the committed vagrant/box-manifest.json is present, schema-valid, and carries a non-empty recordedForVersion (the box is sha256-identified and regenerated only when rebuilt, so an unchanged box does not block a version bump; attestation freshness is enforced by release-attestation). A box-provenance-binding check fails closed when a release-gating track records a boxSha256 that does not equal the committed manifest sha256 (absent boxSha256 soft-passes). Reads the committed manifest only; byte hashing stays in verifyVagrantBox.cjs --verify."
VHS-REQ-667,VHS-SYS-REQ-013,Active,CI And Developer Environment,Versioned Dev-Tools GitHub Release Channel,docs/devtools-release.manifest.json;scripts/buildDevToolsRelease.js;scripts/verifyDevToolsRelease.js;.github/workflows/devtools-release.yml;package.json,tests/unit/buildDevToolsReleaseScript.test.ts;tests/unit/verifyDevToolsReleaseScript.test.ts;tests/unit/devToolsReleaseWorkflow.test.ts,"The development toolset is distributable as a versioned content-addressed GitHub Release artifact independent of the marketplace. docs/devtools-release.manifest.json is the committed source of truth for the bundled files; buildDevToolsRelease.js emits a deterministic contentDigest and a provenance manifest binding the toolset to its requirements state; --pack produces a reproducible POSIX ustar+gzip tarball via Node built-ins; verifyDevToolsRelease.js fails closed on tamper/missing/self-verify; devtools-release.yml builds, self-verifies, dedups on the content digest, defaults dispatch to a dry run, maps develop to prerelease and main to stable, and names no Vagrant helper (VHS-REQ-599)."
VHS-REQ-668,VHS-SYS-REQ-013,Active,CI And Developer Environment,Supply-Chain State Read-Model,scripts/buildSupplyChainState.js;scripts/checkReleaseReadiness.js;.github/workflows/marketplace-release.yml;.github/workflows/ci.yml;package.json,tests/unit/supplyChainStateScript.test.ts;tests/unit/releaseReadinessScript.test.ts;tests/unit/marketplaceReleaseWorkflow.test.ts;tests/unit/branchGovernanceWorkflow.test.ts,"Read-only aggregator (npm run supply-chain:state) reporting the provenance state of every shipped artifact bound to a committed digest in one vi-history-suite/supply-chain-state@v1 packet: box manifest, runtime-validation ledger, requirements manifest, and dev-tools toolset content digest. Each artifact reports availability, whether it gates a release, its digest, a tri-state freshness vs the current build, and a drift reason; runtime enumerates per-track freshness. Rolls up status attention when any release-gating artifact is unavailable/stale else fresh; --strict is an opt-in local signal not wired into CI. Release-readiness exposes an opt-in --require-supply-chain-fresh gate that promotes the read-model to a hard check and fails closed. Reads existing ledgers/manifests only and mutates no source."
VHS-REQ-669,VHS-SYS-REQ-007,Active,Comparison Reports,Serialized Local VI Server Acquisition,src/reporting/runtime/localViServerAcquisitionLock.ts;src/reporting/viPreview/viPreviewExecution.ts,tests/unit/localViServerAcquisitionLock.test.ts;tests/unit/viPreviewExecution.test.ts,"In-process serialization primitive (createLocalViServerAcquisitionLock) that grants a per-key FIFO single-flight slot keyed by the local VI Server endpoint (localViServerLockKey from provider + derived server.tcp.port, default token when absent), so concurrent host-native LabVIEWCLI launches against the same endpoint take turns instead of racing the one VI Server. The host-native branch of executeViPreview acquires the slot before launching and releases it in a finally for every outcome; the release is idempotent; container/docker runs never acquire a slot and distinct endpoints never block each other. The host-native comparison path is the documented next adopter of the same shared lock."
